<?xml version="1.0" ?>
<LOG_ROOT>
	<PROJECT NAME="Dojo1">
		<CBX_INST_ENTRY INSTANCE_NAME="|qsys_dojo1|qsys_dojo1_nios2e:nios2e|qsys_dojo1_nios2e_nios2_oci:the_qsys_dojo1_nios2e_nios2_oci|qsys_dojo1_nios2e_nios2_ocimem:the_qsys_dojo1_nios2e_nios2_ocimem|qsys_dojo1_nios2e_ociram_sp_ram_module:qsys_dojo1_nios2e_ociram_sp_ram|altsyncram:the_altsyncram" CBX_FILE_NAME="altsyncram_7v71.tdf"/>
		<CBX_INST_ENTRY INSTANCE_NAME="|qsys_dojo1|qsys_dojo1_nios2e:nios2e|qsys_dojo1_nios2e_register_bank_a_module:qsys_dojo1_nios2e_register_bank_a|altsyncram:the_altsyncram" CBX_FILE_NAME="altsyncram_3ig1.tdf"/>
		<CBX_INST_ENTRY INSTANCE_NAME="|qsys_dojo1|qsys_dojo1_nios2e:nios2e|qsys_dojo1_nios2e_register_bank_b_module:qsys_dojo1_nios2e_register_bank_b|altsyncram:the_altsyncram" CBX_FILE_NAME="altsyncram_4ig1.tdf"/>
		<CBX_INST_ENTRY INSTANCE_NAME="|qsys_dojo1|qsys_dojo1_uart:uart|qsys_dojo1_uart_scfifo_w:the_qsys_dojo1_uart_scfifo_w|scfifo:wfifo" CBX_FILE_NAME="scfifo_1n21.tdf"/>
		<CBX_INST_ENTRY INSTANCE_NAME="|qsys_dojo1|qsys_dojo1_onchip_memory:onchip_memory|altsyncram:the_altsyncram" CBX_FILE_NAME="altsyncram_j1d1.tdf"/>
		<CBX_INST_ENTRY INSTANCE_NAME="|qsys_dojo1|qsys_dojo1_uart:uart|qsys_dojo1_uart_scfifo_r:the_qsys_dojo1_uart_scfifo_r|scfifo:rfifo" CBX_FILE_NAME="scfifo_1n21.tdf"/>
	</PROJECT>
</LOG_ROOT>
