# system info blinker on 2016.05.10.19:15:46
system_info:
name,value
DEVICE,Unknown
DEVICE_FAMILY,Cyclone IV GX
GENERATION_ID,1462918390
#
#
# Files generated for blinker on 2016.05.10.19:15:46
files:
filepath,kind,attributes,module,is_top
blinker/simulation/blinker.vhd,VHDL,,blinker,true
blinker/simulation/blinker_nios2_proc_jtag_debug_module_translator.vhd,VHDL,,blinker,false
blinker/simulation/blinker_onchip_memory_s1_translator.vhd,VHDL,,blinker,false
blinker/simulation/blinker_switcher_s1_translator.vhd,VHDL,,blinker,false
blinker/simulation/blinker_led_s1_translator.vhd,VHDL,,blinker,false
blinker/simulation/blinker_sysid_1337_control_slave_translator.vhd,VHDL,,blinker,false
blinker/simulation/blinker_nios2_proc_instruction_master_translator.vhd,VHDL,,blinker,false
blinker/simulation/blinker_nios2_proc_data_master_translator.vhd,VHDL,,blinker,false
blinker/simulation/submodules/blinker_nios2_proc_jtag_debug_module_wrapper.vhd,VHDL,,blinker_nios2_proc,false
blinker/simulation/submodules/blinker_nios2_proc_ociram_default_contents.mif,MIF,,blinker_nios2_proc,false
blinker/simulation/submodules/blinker_nios2_proc_rf_ram_a.mif,MIF,,blinker_nios2_proc,false
blinker/simulation/submodules/blinker_nios2_proc_rf_ram_a.hex,HEX,,blinker_nios2_proc,false
blinker/simulation/submodules/blinker_nios2_proc_rf_ram_b.mif,MIF,,blinker_nios2_proc,false
blinker/simulation/submodules/blinker_nios2_proc_ociram_default_contents.dat,DAT,,blinker_nios2_proc,false
blinker/simulation/submodules/blinker_nios2_proc_oci_test_bench.vhd,VHDL,,blinker_nios2_proc,false
blinker/simulation/submodules/blinker_nios2_proc_rf_ram_b.hex,HEX,,blinker_nios2_proc,false
blinker/simulation/submodules/blinker_nios2_proc_rf_ram_b.dat,DAT,,blinker_nios2_proc,false
blinker/simulation/submodules/blinker_nios2_proc_jtag_debug_module_tck.vhd,VHDL,,blinker_nios2_proc,false
blinker/simulation/submodules/blinker_nios2_proc_rf_ram_a.dat,DAT,,blinker_nios2_proc,false
blinker/simulation/submodules/blinker_nios2_proc.sdc,SDC,,blinker_nios2_proc,false
blinker/simulation/submodules/blinker_nios2_proc_test_bench.vhd,VHDL,,blinker_nios2_proc,false
blinker/simulation/submodules/blinker_nios2_proc_ociram_default_contents.hex,HEX,,blinker_nios2_proc,false
blinker/simulation/submodules/blinker_nios2_proc_nios2_waves.do,OTHER,,blinker_nios2_proc,false
blinker/simulation/submodules/blinker_nios2_proc_jtag_debug_module_sysclk.vhd,VHDL,,blinker_nios2_proc,false
blinker/simulation/submodules/blinker_nios2_proc.vhd,VHDL,,blinker_nios2_proc,false
blinker/simulation/submodules/blinker_onchip_memory.vhd,VHDL,,blinker_onchip_memory,false
blinker/simulation/submodules/blinker_onchip_memory.hex,HEX,,blinker_onchip_memory,false
blinker/simulation/submodules/blinker_switcher.vhd,VHDL,,blinker_switcher,false
blinker/simulation/submodules/blinker_led.vhd,VHDL,,blinker_led,false
blinker/simulation/submodules/blinker_sysid_1337.vho,VHDL,,blinker_sysid_1337,false
blinker/simulation/submodules/mentor/altera_merlin_master_translator.sv,SYSTEM_VERILOG_ENCRYPT,MENTOR_SPECIFIC,altera_merlin_master_translator,false
blinker/simulation/submodules/aldec/altera_merlin_master_translator.sv,SYSTEM_VERILOG_ENCRYPT,ALDEC_SPECIFIC,altera_merlin_master_translator,false
blinker/simulation/submodules/cadence/altera_merlin_master_translator.sv,SYSTEM_VERILOG_ENCRYPT,CADENCE_SPECIFIC,altera_merlin_master_translator,false
blinker/simulation/submodules/synopsys/altera_merlin_master_translator.sv,SYSTEM_VERILOG_ENCRYPT,SYNOPSYS_SPECIFIC,altera_merlin_master_translator,false
blinker/simulation/submodules/mentor/altera_merlin_slave_translator.sv,SYSTEM_VERILOG_ENCRYPT,MENTOR_SPECIFIC,altera_merlin_slave_translator,false
blinker/simulation/submodules/aldec/altera_merlin_slave_translator.sv,SYSTEM_VERILOG_ENCRYPT,ALDEC_SPECIFIC,altera_merlin_slave_translator,false
blinker/simulation/submodules/cadence/altera_merlin_slave_translator.sv,SYSTEM_VERILOG_ENCRYPT,CADENCE_SPECIFIC,altera_merlin_slave_translator,false
blinker/simulation/submodules/synopsys/altera_merlin_slave_translator.sv,SYSTEM_VERILOG_ENCRYPT,SYNOPSYS_SPECIFIC,altera_merlin_slave_translator,false
blinker/simulation/submodules/mentor/altera_merlin_master_agent.sv,SYSTEM_VERILOG_ENCRYPT,MENTOR_SPECIFIC,altera_merlin_master_agent,false
blinker/simulation/submodules/aldec/altera_merlin_master_agent.sv,SYSTEM_VERILOG_ENCRYPT,ALDEC_SPECIFIC,altera_merlin_master_agent,false
blinker/simulation/submodules/cadence/altera_merlin_master_agent.sv,SYSTEM_VERILOG_ENCRYPT,CADENCE_SPECIFIC,altera_merlin_master_agent,false
blinker/simulation/submodules/synopsys/altera_merlin_master_agent.sv,SYSTEM_VERILOG_ENCRYPT,SYNOPSYS_SPECIFIC,altera_merlin_master_agent,false
blinker/simulation/submodules/mentor/altera_merlin_slave_agent.sv,SYSTEM_VERILOG_ENCRYPT,MENTOR_SPECIFIC,altera_merlin_slave_agent,false
blinker/simulation/submodules/mentor/altera_merlin_burst_uncompressor.sv,SYSTEM_VERILOG_ENCRYPT,MENTOR_SPECIFIC,altera_merlin_slave_agent,false
blinker/simulation/submodules/aldec/altera_merlin_slave_agent.sv,SYSTEM_VERILOG_ENCRYPT,ALDEC_SPECIFIC,altera_merlin_slave_agent,false
blinker/simulation/submodules/aldec/altera_merlin_burst_uncompressor.sv,SYSTEM_VERILOG_ENCRYPT,ALDEC_SPECIFIC,altera_merlin_slave_agent,false
blinker/simulation/submodules/cadence/altera_merlin_slave_agent.sv,SYSTEM_VERILOG_ENCRYPT,CADENCE_SPECIFIC,altera_merlin_slave_agent,false
blinker/simulation/submodules/cadence/altera_merlin_burst_uncompressor.sv,SYSTEM_VERILOG_ENCRYPT,CADENCE_SPECIFIC,altera_merlin_slave_agent,false
blinker/simulation/submodules/synopsys/altera_merlin_slave_agent.sv,SYSTEM_VERILOG_ENCRYPT,SYNOPSYS_SPECIFIC,altera_merlin_slave_agent,false
blinker/simulation/submodules/synopsys/altera_merlin_burst_uncompressor.sv,SYSTEM_VERILOG_ENCRYPT,SYNOPSYS_SPECIFIC,altera_merlin_slave_agent,false
blinker/simulation/submodules/blinker_nios2_proc_jtag_debug_module_translator_avalon_universal_slave_0_agent_rsp_fifo.vho,VHDL,,blinker_nios2_proc_jtag_debug_module_translator_avalon_universal_slave_0_agent_rsp_fifo,false
blinker/simulation/submodules/blinker_addr_router.vho,VHDL,,blinker_addr_router,false
blinker/simulation/submodules/blinker_addr_router_001.vho,VHDL,,blinker_addr_router_001,false
blinker/simulation/submodules/blinker_id_router.vho,VHDL,,blinker_id_router,false
blinker/simulation/submodules/blinker_id_router_002.vho,VHDL,,blinker_id_router_002,false
blinker/simulation/submodules/mentor/altera_reset_controller.v,VERILOG_ENCRYPT,MENTOR_SPECIFIC,altera_reset_controller,false
blinker/simulation/submodules/mentor/altera_reset_synchronizer.v,VERILOG_ENCRYPT,MENTOR_SPECIFIC,altera_reset_controller,false
blinker/simulation/submodules/aldec/altera_reset_controller.v,VERILOG_ENCRYPT,ALDEC_SPECIFIC,altera_reset_controller,false
blinker/simulation/submodules/aldec/altera_reset_synchronizer.v,VERILOG_ENCRYPT,ALDEC_SPECIFIC,altera_reset_controller,false
blinker/simulation/submodules/cadence/altera_reset_controller.v,VERILOG_ENCRYPT,CADENCE_SPECIFIC,altera_reset_controller,false
blinker/simulation/submodules/cadence/altera_reset_synchronizer.v,VERILOG_ENCRYPT,CADENCE_SPECIFIC,altera_reset_controller,false
blinker/simulation/submodules/synopsys/altera_reset_controller.v,VERILOG_ENCRYPT,SYNOPSYS_SPECIFIC,altera_reset_controller,false
blinker/simulation/submodules/synopsys/altera_reset_synchronizer.v,VERILOG_ENCRYPT,SYNOPSYS_SPECIFIC,altera_reset_controller,false
blinker/simulation/submodules/blinker_cmd_xbar_demux.vho,VHDL,,blinker_cmd_xbar_demux,false
blinker/simulation/submodules/blinker_cmd_xbar_demux_001.vho,VHDL,,blinker_cmd_xbar_demux_001,false
blinker/simulation/submodules/blinker_cmd_xbar_mux.vho,VHDL,,blinker_cmd_xbar_mux,false
blinker/simulation/submodules/blinker_rsp_xbar_demux_002.vho,VHDL,,blinker_rsp_xbar_demux_002,false
blinker/simulation/submodules/blinker_rsp_xbar_mux.vho,VHDL,,blinker_rsp_xbar_mux,false
blinker/simulation/submodules/blinker_rsp_xbar_mux_001.vho,VHDL,,blinker_rsp_xbar_mux_001,false
blinker/simulation/submodules/blinker_irq_mapper.vho,VHDL,,blinker_irq_mapper,false
#
# Map from instance-path to kind of module
instances:
instancePath,module
blinker.nios2_proc,blinker_nios2_proc
blinker.onchip_memory,blinker_onchip_memory
blinker.switcher,blinker_switcher
blinker.led,blinker_led
blinker.sysid_1337,blinker_sysid_1337
blinker.nios2_proc_instruction_master_translator,altera_merlin_master_translator
blinker.nios2_proc_data_master_translator,altera_merlin_master_translator
blinker.nios2_proc_instruction_master_translator,altera_merlin_master_translator
blinker.nios2_proc_data_master_translator,altera_merlin_master_translator
blinker.nios2_proc_jtag_debug_module_translator,altera_merlin_slave_translator
blinker.onchip_memory_s1_translator,altera_merlin_slave_translator
blinker.switcher_s1_translator,altera_merlin_slave_translator
blinker.led_s1_translator,altera_merlin_slave_translator
blinker.sysid_1337_control_slave_translator,altera_merlin_slave_translator
blinker.nios2_proc_jtag_debug_module_translator,altera_merlin_slave_translator
blinker.onchip_memory_s1_translator,altera_merlin_slave_translator
blinker.switcher_s1_translator,altera_merlin_slave_translator
blinker.led_s1_translator,altera_merlin_slave_translator
blinker.sysid_1337_control_slave_translator,altera_merlin_slave_translator
blinker.nios2_proc_instruction_master_translator_avalon_universal_master_0_agent,altera_merlin_master_agent
blinker.nios2_proc_data_master_translator_avalon_universal_master_0_agent,altera_merlin_master_agent
blinker.nios2_proc_jtag_debug_module_translator_avalon_universal_slave_0_agent,altera_merlin_slave_agent
blinker.onchip_memory_s1_translator_avalon_universal_slave_0_agent,altera_merlin_slave_agent
blinker.switcher_s1_translator_avalon_universal_slave_0_agent,altera_merlin_slave_agent
blinker.led_s1_translator_avalon_universal_slave_0_agent,altera_merlin_slave_agent
blinker.sysid_1337_control_slave_translator_avalon_universal_slave_0_agent,altera_merlin_slave_agent
blinker.nios2_proc_jtag_debug_module_translator_avalon_universal_slave_0_agent_rsp_fifo,blinker_nios2_proc_jtag_debug_module_translator_avalon_universal_slave_0_agent_rsp_fifo
blinker.onchip_memory_s1_translator_avalon_universal_slave_0_agent_rsp_fifo,blinker_nios2_proc_jtag_debug_module_translator_avalon_universal_slave_0_agent_rsp_fifo
blinker.switcher_s1_translator_avalon_universal_slave_0_agent_rsp_fifo,blinker_nios2_proc_jtag_debug_module_translator_avalon_universal_slave_0_agent_rsp_fifo
blinker.led_s1_translator_avalon_universal_slave_0_agent_rsp_fifo,blinker_nios2_proc_jtag_debug_module_translator_avalon_universal_slave_0_agent_rsp_fifo
blinker.sysid_1337_control_slave_translator_avalon_universal_slave_0_agent_rsp_fifo,blinker_nios2_proc_jtag_debug_module_translator_avalon_universal_slave_0_agent_rsp_fifo
blinker.addr_router,blinker_addr_router
blinker.addr_router_001,blinker_addr_router_001
blinker.id_router,blinker_id_router
blinker.id_router_001,blinker_id_router
blinker.id_router_002,blinker_id_router_002
blinker.id_router_003,blinker_id_router_002
blinker.id_router_004,blinker_id_router_002
blinker.rst_controller,altera_reset_controller
blinker.cmd_xbar_demux,blinker_cmd_xbar_demux
blinker.rsp_xbar_demux,blinker_cmd_xbar_demux
blinker.rsp_xbar_demux_001,blinker_cmd_xbar_demux
blinker.cmd_xbar_demux_001,blinker_cmd_xbar_demux_001
blinker.cmd_xbar_mux,blinker_cmd_xbar_mux
blinker.cmd_xbar_mux_001,blinker_cmd_xbar_mux
blinker.rsp_xbar_demux_002,blinker_rsp_xbar_demux_002
blinker.rsp_xbar_demux_003,blinker_rsp_xbar_demux_002
blinker.rsp_xbar_demux_004,blinker_rsp_xbar_demux_002
blinker.rsp_xbar_mux,blinker_rsp_xbar_mux
blinker.rsp_xbar_mux_001,blinker_rsp_xbar_mux_001
blinker.irq_mapper,blinker_irq_mapper
